<application>
  <component name="AppStorage">
    <option name="newTranslationDialogHeight" value="424" />
    <option name="newTranslationDialogWidth" value="1045" />
    <option name="newTranslationDialogX" value="498" />
    <option name="newTranslationDialogY" value="454" />
    <histories>
      <item value="Intel® HAXM installation failed. To install Intel® HAXM follow the instructions found at: https://github.com/intel/haxm/wiki/Installation-Instructions-on-Windows" />
      <item value="sit" />
      <item value="custom" />
      <item value="cust" />
      <item value="sus" />
      <item value="standard" />
      <item value="stan" />
      <item value="s" />
      <item value=" Use the console below this message to interact with the &quot;flutter&quot; command.&#10; Run &quot;flutter doctor&quot; to check if your system is ready to run Flutter apps." />
      <item value="if set true, the page will no be cached(default is false)" />
      <item value="refresh" />
      <item value="npm notice&#10;npm notice New minor version of npm available! 7.15.1 -&gt; 7.19.1&#10;npm notice Changelog: https://github.com/npm/cli/releases/tag/v7.19.1&#10;npm notice Run npm install -g npm@7.19.1 to update!&#10;" />
      <item value="npm ERR! code ERESOLVE&#10;npm ERR! ERESOLVE unable to resolve dependency tree&#10;npm ERR!&#10;npm ERR! While resolving: vue-element-admin@4.3.1&#10;npm ERR! Found: vue@2.6.10&#10;npm ERR! node_modules/vue&#10;npm ERR!   vue@&quot;2.6.10&quot; from the root project&#10;npm ERR!&#10;npm ERR! Could not resolve dependency:&#10;npm ERR! peer vue@&quot;^3.0.0&quot; from vue-router@4.0.10&#10;npm ERR! node_modules/vue-router&#10;npm ERR!   vue-router@&quot;4.0.10&quot; from the root project&#10;npm ERR!&#10;npm ERR! Fix the upstream dependency conflict, or retry&#10;npm ERR! this command with --force, or --legacy-peer-deps&#10;npm ERR! to accept an incorrect (and potentially broken) dependency resolution.&#10;npm ERR!&#10;npm ERR! See C:\Users\admin\AppData\Local\npm-cache\eresolve-report.txt for a full report.&#10;&#10;npm ERR! A complete log of this run can be found in:&#10;npm ERR!     C:\Users\admin\AppData\Local\npm-cache\_logs\2021-07-14T09_43_45_365Z-debug.log" />
      <item value="changed 1 package, and audited 2170 packages in 9s" />
      <item value="层级" />
      <item value="层" />
      <item value="createForOfIteratorHelper.js?6374:4  Uncaught TypeError:  undefined is not iterable (cannot read property Symbol(Symbol.iterator))" />
      <item value="createForOfIteratorHelper.js?6374:4  Uncaught TypeError: undefined is not iterable (cannot read property Symbol(Symbol.iterator))" />
      <item value="createForOfIteratorHelper.js?6374:4 Uncaught TypeError: undefined is not iterable (cannot read property Symbol(Symbol.iterator))" />
      <item value="Cannot set reactive property on undefined, null, or primitive value: undefined" />
      <item value="data functions should return an object:" />
      <item value="Cannot read property 'data' of undefined" />
      <item value="The &quot;data&quot; property should be above the &quot;activated&quot; property" />
      <item value="warning  Expected a space before '/&gt;', but not found" />
      <item value="Finds the closest parent that matches a selector." />
      <item value="data functions should return an object" />
      <item value="Unexpected constant condition" />
      <item value="'b' is assigned a value but never used" />
      <item value="Invalid prop: type check failed for prop &quot;pid&quot;. Expected Number, Object, String, got Array" />
      <item value="Prop &quot;pid&quot; should define at least its type" />
      <item value="Closing curly brace does not appear on the same line as the subsequent block" />
      <item value=" Closing curly brace does not appear on the same line as the subsequent block" />
      <item value="Prop 'yend' requires default value to be set" />
      <item value="Prop 'form' requires default value to be set" />
      <item value="Arrow function should not return assignment" />
      <item value="Unexpected lexical declaration in case block" />
      <item value="Prop &quot;index&quot; should define at least its type" />
      <item value="The &quot;props&quot; property should be above the &quot;data&quot; property on line" />
      <item value="ESLint: 'v-model' directives require the attribute value which is valid as LHS.(vue/valid-v-model" />
      <item value="...mapGetters(['size'])," />
      <item value="warning  The &quot;data&quot; property should be above the &quot;computed&quot; property on line 147" />
      <item value="You may use special comments to disable some warnings.&#10;Use // eslint-disable-next-line to ignore the next line.&#10;Use /* eslint-disable */ to ignore all warnings in a file." />
      <item value="Expected '===' and instead saw '=='" />
      <item value="eslint-disable-next-line handle-callback-err" />
      <item value="if set path, the sidebar will highlight the path you set" />
      <item value="倍数" />
      <item value="We can get timestamp from RFC 2822:" />
      <item value="added 1 package, changed 544 packages, and audited 546 packages in 17s&#10;&#10;8 packages are looking for funding&#10;  run `npm fund` for details&#10;&#10;16 vulnerabilities (2 low, 14 high)&#10;&#10;To address issues that do not require attention, run:&#10;  npm audit fix&#10;&#10;Some issues need review, and may require choosing&#10;a different dependency.&#10;&#10;Run `npm audit` for details." />
      <item value="this.confirm('确定要补单吗？')" />
      <item value=" Failed to execute 'setAttribute' on 'Element': '：drawer' is not a valid attribute name." />
    </histories>
    <option name="languageScores">
      <map>
        <entry key="CHINESE" value="254" />
        <entry key="ENGLISH" value="255" />
        <entry key="LITHUANIAN" value="1" />
      </map>
    </option>
  </component>
  <component name="Cache">
    <option name="lastTrimTime" value="1626070996331" />
  </component>
</application>