<application>
  <component name="FeatureSuggesterSettings">
    <option name="workingDays">
      <list>
        <option value="1656915325515" />
        <option value="1656990333246" />
        <option value="1657087224466" />
        <option value="1657176984036" />
        <option value="1657245641872" />
        <option value="1657678233190" />
        <option value="1657762605792" />
        <option value="1657849747395" />
        <option value="1658109339848" />
        <option value="1658194829256" />
        <option value="1658281271656" />
      </list>
    </option>
  </component>
</application>