<application>
  <component name="AppStorage">
    <option name="newTranslationDialogHeight" value="336" />
    <option name="newTranslationDialogWidth" value="698" />
    <option name="newTranslationDialogX" value="577" />
    <option name="newTranslationDialogY" value="404" />
    <histories>
      <item value="// These routines end in 'ln', do not take a format string,&#10;// always add spaces between operands, and add a newline&#10;// after the last operand.&#10;&#10;// Fprintln formats using the default formats for its operands and writes to w.&#10;// Spaces are always added between operands and a newline is appended.&#10;// It returns the number of bytes written and any write error encountered." />
      <item value="single" />
      <item value="TS2693: 'ValidateErrorEntity' only refers to a type, but is being used as a value here" />
      <item value="'ValidateErrorEntity' only refers to a type, but is being used as a value here." />
      <item value="TS1196: Catch clause variable type annotation must be 'any' or 'unknown' if specified" />
      <item value="refresh" />
      <item value="subtract" />
      <item value="`value` should be array when `mode` is `multiple` or `tags`" />
      <item value="Connection reset by peer or Transport endpoint is not connected" />
      <item value="Unhandled error during execution of component event handler " />
      <item value="Event name triggered by internal value change, default change" />
      <item value="Variable name bound to v-model Default value" />
      <item value="Cannot redeclare block-scoped variable 'formName'." />
      <item value="Col configuration for the entire form" />
      <item value="allow" />
      <item value="aollow" />
      <item value="可" />
      <item value="可用" />
      <item value="determine whether pageSize can be changed" />
      <item value="Whether to hide pager on single page" />
      <item value="ESLint: Replace `componentProps,·mulPropsFn((len)·=&gt;·`已选${len}个包`)` with `⏎········componentProps,⏎········mulPropsFn((len)·=&gt;·`已选${len}个包`),⏎······`(prettier/prettier)" />
      <item value="Exported Select Props" />
      <item value="ExportedSelect Props" />
      <item value="ExportedSelectProps" />
      <item value="To match accessibility requirement, we always provide an input in the component. Other element will not set tabIndex to avoid onBlur sequence problem. For focused select, we set aria-live=&quot;polite&quot; to update the accessibility content." />
      <item value="The form instance has not been obtained, please make sure that the form has been rendered when performing the form operation!" />
      <item value="Prints to stderr the string 'Trace: ', followed by the util.format() formatted message and stack trace to the current position in the code." />
      <item value="Get the basic configuration of the form" />
      <item value="Invalid watch source:  {} A watch source can only be a getter/effect function, a ref, a reactive object, or an array of these types." />
      <item value="schema" />
      <item value="Params: object – The source object. props – The property names to pick, specified individually or in arrays. Returns: Returns the new object. @category: Object" />
      <item value="Creates an object composed of the picked object properties." />
      <item value="Whether to show the notification button" />
      <item value="chore" />
      <item value="feat" />
      <item value="We expose a subset of properties on the internal instance as they are useful for advanced external libraries and tools." />
      <item value="useDescription() can only be used inside setup() or functional components!" />
      <item value="Helllo" />
      <item value="Hello" />
      <item value="Hell" />
    </histories>
    <option name="languageScores">
      <map>
        <entry key="CHINESE" value="22" />
        <entry key="ENGLISH" value="15" />
        <entry key="SOMALI" value="1" />
      </map>
    </option>
  </component>
  <component name="Cache">
    <option name="lastTrimTime" value="1658126976508" />
  </component>
</application>